"entity_type","bundle",deleted,entity_id,revision_id,"language",delta,field_mentionee_description_tid
"node","mention",0,2834,2834,"und",0,798
"node","mention",0,2835,2835,"und",0,799
"node","mention",0,2836,2836,"und",0,800
"node","mention",0,2837,2837,"und",0,801
"node","mention",0,2838,2838,"und",0,799
"node","mention",0,2839,2839,"und",0,802
"node","mention",0,2840,2840,"und",0,802
"node","mention",0,2841,2841,"und",0,800
"node","mention",0,2842,2842,"und",0,799
"node","mention",0,2843,2843,"und",0,799
"node","mention",0,2844,2844,"und",0,803
"node","mention",0,2845,2845,"und",0,803
"node","mention",0,2846,2846,"und",0,803
"node","mention",0,2847,2847,"und",0,803
"node","mention",0,2848,2848,"und",0,803
"node","mention",0,2849,2849,"und",0,803
"node","mention",0,2850,2850,"und",0,803
"node","mention",0,2851,2851,"und",0,803
"node","mention",0,2852,2852,"und",0,803
"node","mention",0,2853,2853,"und",0,803
"node","mention",0,2854,2854,"und",0,803
"node","mention",0,2855,2855,"und",0,803
"node","mention",0,2856,2856,"und",0,803
"node","mention",0,2857,2857,"und",0,803
"node","mention",0,2858,2858,"und",0,803
"node","mention",0,2859,2859,"und",0,803
"node","mention",0,2860,2860,"und",0,803
"node","mention",0,2861,2861,"und",0,803
"node","mention",0,2862,2862,"und",0,803
"node","mention",0,2863,2863,"und",0,803
"node","mention",0,2864,2864,"und",0,803
"node","mention",0,2865,2865,"und",0,803
"node","mention",0,2866,2866,"und",0,803
"node","mention",0,2867,2867,"und",0,803
"node","mention",0,2868,2868,"und",0,803
"node","mention",0,2869,2869,"und",0,803
"node","mention",0,2870,2870,"und",0,803
"node","mention",0,2871,2871,"und",0,803
"node","mention",0,2872,2872,"und",0,803
"node","mention",0,2873,2873,"und",0,803
"node","mention",0,2874,2874,"und",0,803
"node","mention",0,2875,2875,"und",0,803
"node","mention",0,2876,2876,"und",0,803
"node","mention",0,2877,2877,"und",0,803
"node","mention",0,2878,2878,"und",0,803
"node","mention",0,2879,2879,"und",0,803
"node","mention",0,2880,2880,"und",0,803
"node","mention",0,2881,2881,"und",0,803
"node","mention",0,2882,2882,"und",0,803
"node","mention",0,2883,2883,"und",0,803
"node","mention",0,2884,2884,"und",0,803
"node","mention",0,2885,2885,"und",0,803
"node","mention",0,2886,2886,"und",0,803
"node","mention",0,2887,2887,"und",0,803
"node","mention",0,2888,2888,"und",0,803
"node","mention",0,2889,2889,"und",0,803
"node","mention",0,2890,2890,"und",0,803
"node","mention",0,2891,2891,"und",0,803
"node","mention",0,2892,2892,"und",0,803
"node","mention",0,2893,2893,"und",0,803
"node","mention",0,2894,2894,"und",0,803
"node","mention",0,2895,2895,"und",0,803
"node","mention",0,2896,2896,"und",0,803
"node","mention",0,2897,2897,"und",0,803
"node","mention",0,2898,2898,"und",0,803
"node","mention",0,2899,2899,"und",0,803
"node","mention",0,2900,2900,"und",0,803
"node","mention",0,2901,2901,"und",0,803
"node","mention",0,2902,2902,"und",0,803
"node","mention",0,2903,2903,"und",0,803
"node","mention",0,2904,2904,"und",0,803
"node","mention",0,2905,2905,"und",0,803
"node","mention",0,2906,2906,"und",0,803
"node","mention",0,2907,2907,"und",0,803
"node","mention",0,2908,2908,"und",0,803
"node","mention",0,2909,2909,"und",0,803
"node","mention",0,2910,2910,"und",0,803
"node","mention",0,2911,2911,"und",0,803
"node","mention",0,2912,2912,"und",0,803
"node","mention",0,2913,2913,"und",0,803
"node","mention",0,2914,2914,"und",0,803
"node","mention",0,2915,2915,"und",0,803
"node","mention",0,2916,2916,"und",0,803
"node","mention",0,2917,2917,"und",0,803
"node","mention",0,2918,2918,"und",0,803
"node","mention",0,2919,2919,"und",0,803
"node","mention",0,2920,2920,"und",0,803
"node","mention",0,2922,2922,"und",0,803
"node","mention",0,2923,2923,"und",0,803
"node","mention",0,2924,2924,"und",0,803
"node","mention",0,2925,2925,"und",0,803
"node","mention",0,2926,2926,"und",0,803
"node","mention",0,2927,2927,"und",0,803
"node","mention",0,2928,2928,"und",0,803
"node","mention",0,2929,2929,"und",0,803
"node","mention",0,2930,2930,"und",0,803
"node","mention",0,2931,2931,"und",0,803
"node","mention",0,2932,2932,"und",0,803
"node","mention",0,2933,2933,"und",0,803
"node","mention",0,2934,2934,"und",0,803
"node","mention",0,2935,2935,"und",0,803
"node","mention",0,2936,2936,"und",0,803
"node","mention",0,2937,2937,"und",0,803
"node","mention",0,2938,2938,"und",0,803
"node","mention",0,2939,2939,"und",0,803
"node","mention",0,2940,2940,"und",0,803
"node","mention",0,2941,2941,"und",0,803
"node","mention",0,2942,2942,"und",0,803
"node","mention",0,2943,2943,"und",0,803
"node","mention",0,2944,2944,"und",0,803
"node","mention",0,2945,2945,"und",0,803
"node","mention",0,2946,2946,"und",0,803
"node","mention",0,2947,2947,"und",0,803
"node","mention",0,2948,2948,"und",0,803
"node","mention",0,2949,2949,"und",0,803
"node","mention",0,2950,2950,"und",0,803
"node","mention",0,2951,2951,"und",0,803
"node","mention",0,2952,2952,"und",0,803
"node","mention",0,2953,2953,"und",0,803
"node","mention",0,2954,2954,"und",0,803
"node","mention",0,2955,2955,"und",0,803
"node","mention",0,2956,2956,"und",0,803
"node","mention",0,2957,2957,"und",0,803
"node","mention",0,2958,2958,"und",0,803
"node","mention",0,2959,2959,"und",0,803
"node","mention",0,2960,2960,"und",0,803
"node","mention",0,2961,2961,"und",0,803
"node","mention",0,2962,2962,"und",0,803
"node","mention",0,2963,2963,"und",0,803
"node","mention",0,2964,2964,"und",0,803
"node","mention",0,2965,2965,"und",0,803
"node","mention",0,2966,2966,"und",0,803
"node","mention",0,2967,2967,"und",0,803
"node","mention",0,2968,2968,"und",0,803
"node","mention",0,2969,2969,"und",0,803
"node","mention",0,2970,2970,"und",0,803
"node","mention",0,2971,2971,"und",0,803
"node","mention",0,2972,2972,"und",0,803
"node","mention",0,2973,2973,"und",0,803
"node","mention",0,2974,2974,"und",0,803
"node","mention",0,2975,2975,"und",0,803
"node","mention",0,2976,2976,"und",0,803
"node","mention",0,2977,2977,"und",0,803
"node","mention",0,2978,2978,"und",0,803
"node","mention",0,2979,2979,"und",0,803
"node","mention",0,2980,2980,"und",0,803
"node","mention",0,2981,2981,"und",0,803
"node","mention",0,2982,2982,"und",0,803
"node","mention",0,2983,2983,"und",0,803
"node","mention",0,2984,2984,"und",0,803
"node","mention",0,2985,2985,"und",0,803
"node","mention",0,2986,2986,"und",0,803
"node","mention",0,2987,2987,"und",0,803
"node","mention",0,2988,2988,"und",0,803
"node","mention",0,2989,2989,"und",0,803
"node","mention",0,2990,2990,"und",0,803
"node","mention",0,2991,2991,"und",0,803
"node","mention",0,2992,2992,"und",0,803
"node","mention",0,2993,2993,"und",0,803
"node","mention",0,2994,2994,"und",0,799
"node","mention",0,2995,2995,"und",0,799
"node","mention",0,2996,2996,"und",0,799
"node","mention",0,2997,2997,"und",0,799
"node","mention",0,2998,2998,"und",0,802
"node","mention",0,2999,2999,"und",0,801
"node","mention",0,3000,3000,"und",0,801
"node","mention",0,3001,3001,"und",0,803
"node","mention",0,3002,3002,"und",0,803
"node","mention",0,3003,3003,"und",0,803
"node","mention",0,3004,3004,"und",0,803
"node","mention",0,3005,3005,"und",0,803
"node","mention",0,3006,3006,"und",0,803
"node","mention",0,3007,3007,"und",0,803
"node","mention",0,3008,3008,"und",0,803
"node","mention",0,3009,3009,"und",0,803
"node","mention",0,3010,3010,"und",0,803
"node","mention",0,3011,3011,"und",0,803
"node","mention",0,3012,3012,"und",0,803
"node","mention",0,3013,3013,"und",0,803
"node","mention",0,3014,3014,"und",0,803
"node","mention",0,3015,3015,"und",0,803
"node","mention",0,3016,3016,"und",0,803
"node","mention",0,3017,3017,"und",0,803
"node","mention",0,3018,3018,"und",0,803
"node","mention",0,3019,3019,"und",0,803
"node","mention",0,3020,3020,"und",0,803
"node","mention",0,3021,3021,"und",0,803
"node","mention",0,3022,3022,"und",0,803
"node","mention",0,3023,3023,"und",0,803
"node","mention",0,3024,3024,"und",0,803
"node","mention",0,3025,3025,"und",0,803
"node","mention",0,3026,3026,"und",0,803
"node","mention",0,3027,3027,"und",0,803
"node","mention",0,3028,3028,"und",0,803
"node","mention",0,3029,3029,"und",0,803
"node","mention",0,3030,3030,"und",0,803
"node","mention",0,3031,3031,"und",0,803
"node","mention",0,3032,3032,"und",0,803
"node","mention",0,3033,3033,"und",0,803
"node","mention",0,3034,3034,"und",0,803
"node","mention",0,3035,3035,"und",0,803
"node","mention",0,3036,3036,"und",0,803
"node","mention",0,3037,3037,"und",0,803
"node","mention",0,3038,3038,"und",0,803
"node","mention",0,3039,3039,"und",0,803
"node","mention",0,3040,3040,"und",0,803
"node","mention",0,3041,3041,"und",0,803
"node","mention",0,3042,3042,"und",0,803
"node","mention",0,3043,3043,"und",0,803
"node","mention",0,3044,3044,"und",0,803
"node","mention",0,3045,3045,"und",0,803
"node","mention",0,3046,3046,"und",0,803
"node","mention",0,3047,3047,"und",0,803
"node","mention",0,3048,3048,"und",0,803
"node","mention",0,3049,3049,"und",0,803
"node","mention",0,3050,3050,"und",0,803
"node","mention",0,3051,3051,"und",0,803
"node","mention",0,3052,3052,"und",0,803
"node","mention",0,3053,3053,"und",0,803
"node","mention",0,3054,3054,"und",0,803
"node","mention",0,3055,3055,"und",0,803
"node","mention",0,3056,3056,"und",0,803
"node","mention",0,3057,3057,"und",0,803
"node","mention",0,3058,3058,"und",0,803
"node","mention",0,3059,3059,"und",0,803
"node","mention",0,3060,3060,"und",0,800
"node","mention",0,3061,3061,"und",0,799
"node","mention",0,3062,3062,"und",0,799
"node","mention",0,3063,3063,"und",0,799
"node","mention",0,3064,3064,"und",0,799
"node","mention",0,3065,3065,"und",0,799
"node","mention",0,3066,3066,"und",0,802
"node","mention",0,3067,3067,"und",0,802
"node","mention",0,3068,3068,"und",0,802
"node","mention",0,3069,3069,"und",0,799
"node","mention",0,3070,3070,"und",0,802
"node","mention",0,3071,3071,"und",0,802
"node","mention",0,3072,3072,"und",0,802
"node","mention",0,3073,3073,"und",0,804
"node","mention",0,3074,3074,"und",0,804
"node","mention",0,3075,3075,"und",0,801
"node","mention",0,3076,3076,"und",0,801
"node","mention",0,3077,3077,"und",0,799
"node","mention",0,3078,3078,"und",0,799
"node","mention",0,3079,3079,"und",0,799
"node","mention",0,3080,3080,"und",0,799
"node","mention",0,3081,3081,"und",0,801
"node","mention",0,3082,3082,"und",0,805
"node","mention",0,3083,3083,"und",0,801
"node","mention",0,3084,3084,"und",0,803
"node","mention",0,3085,3085,"und",0,803
"node","mention",0,3086,3086,"und",0,803
"node","mention",0,3087,3087,"und",0,803
"node","mention",0,3088,3088,"und",0,803
"node","mention",0,3089,3089,"und",0,803
"node","mention",0,3090,3090,"und",0,803
"node","mention",0,3091,3091,"und",0,803
"node","mention",0,3092,3092,"und",0,803
"node","mention",0,3093,3093,"und",0,803
"node","mention",0,3094,3094,"und",0,803
"node","mention",0,3095,3095,"und",0,803
"node","mention",0,3096,3096,"und",0,803
"node","mention",0,3097,3097,"und",0,803
"node","mention",0,3098,3098,"und",0,803
"node","mention",0,3099,3099,"und",0,803
"node","mention",0,3100,3100,"und",0,803
"node","mention",0,3101,3101,"und",0,803
"node","mention",0,3102,3102,"und",0,803
"node","mention",0,3103,3103,"und",0,803
"node","mention",0,3104,3104,"und",0,803
"node","mention",0,3105,3105,"und",0,803
"node","mention",0,3106,3106,"und",0,803
"node","mention",0,3107,3107,"und",0,803
"node","mention",0,3108,3108,"und",0,803
"node","mention",0,3109,3109,"und",0,803
"node","mention",0,3110,3110,"und",0,803
"node","mention",0,3111,3111,"und",0,803
"node","mention",0,3112,3112,"und",0,803
"node","mention",0,3113,3113,"und",0,803
"node","mention",0,3115,3115,"und",0,803
"node","mention",0,3116,3116,"und",0,803
"node","mention",0,3117,3117,"und",0,803
"node","mention",0,3118,3118,"und",0,803
"node","mention",0,3119,3119,"und",0,803
"node","mention",0,3120,3120,"und",0,803
"node","mention",0,3121,3121,"und",0,803
"node","mention",0,3122,3122,"und",0,803
"node","mention",0,3123,3123,"und",0,803
"node","mention",0,3124,3124,"und",0,803
"node","mention",0,3125,3125,"und",0,803
"node","mention",0,3126,3126,"und",0,803
"node","mention",0,3127,3127,"und",0,803
"node","mention",0,3128,3128,"und",0,803
"node","mention",0,3129,3129,"und",0,803
"node","mention",0,3130,3130,"und",0,803
"node","mention",0,3131,3131,"und",0,803
"node","mention",0,3132,3132,"und",0,803
"node","mention",0,3133,3133,"und",0,803
"node","mention",0,3134,3134,"und",0,803
"node","mention",0,3135,3135,"und",0,803
"node","mention",0,3136,3136,"und",0,803
"node","mention",0,3137,3137,"und",0,803
"node","mention",0,3138,3138,"und",0,803
"node","mention",0,3139,3139,"und",0,803
"node","mention",0,3140,3140,"und",0,803
"node","mention",0,3141,3141,"und",0,803
"node","mention",0,3142,3142,"und",0,803
"node","mention",0,3143,3143,"und",0,803
"node","mention",0,3144,3144,"und",0,803
"node","mention",0,3145,3145,"und",0,803
"node","mention",0,3146,3146,"und",0,803
"node","mention",0,3147,3147,"und",0,803
"node","mention",0,3148,3148,"und",0,803
"node","mention",0,3149,3149,"und",0,803
"node","mention",0,3150,3150,"und",0,803
"node","mention",0,3151,3151,"und",0,803
"node","mention",0,3152,3152,"und",0,803
"node","mention",0,3153,3153,"und",0,803
"node","mention",0,3154,3154,"und",0,803
"node","mention",0,3155,3155,"und",0,803
"node","mention",0,3156,3156,"und",0,803
"node","mention",0,3157,3157,"und",0,803
"node","mention",0,3158,3158,"und",0,803
"node","mention",0,3159,3159,"und",0,803
"node","mention",0,3160,3160,"und",0,803
"node","mention",0,3161,3161,"und",0,803
"node","mention",0,3162,3162,"und",0,803
"node","mention",0,3163,3163,"und",0,803
"node","mention",0,3164,3164,"und",0,803
"node","mention",0,3165,3165,"und",0,803
"node","mention",0,3166,3166,"und",0,803
"node","mention",0,3167,3167,"und",0,803
"node","mention",0,3168,3168,"und",0,803
"node","mention",0,3169,3169,"und",0,803
"node","mention",0,3170,3170,"und",0,803
"node","mention",0,3171,3171,"und",0,803
"node","mention",0,3172,3172,"und",0,803
"node","mention",0,3173,3173,"und",0,803
"node","mention",0,3174,3174,"und",0,803
"node","mention",0,3175,3175,"und",0,803
"node","mention",0,3176,3176,"und",0,803
"node","mention",0,3177,3177,"und",0,803
"node","mention",0,3178,3178,"und",0,803
"node","mention",0,3179,3179,"und",0,803
"node","mention",0,3180,3180,"und",0,803
"node","mention",0,3181,3181,"und",0,803
"node","mention",0,3182,3182,"und",0,803
"node","mention",0,3183,3183,"und",0,803
"node","mention",0,3184,3184,"und",0,803
"node","mention",0,3185,3185,"und",0,803
"node","mention",0,3186,3186,"und",0,803
"node","mention",0,3187,3187,"und",0,803
"node","mention",0,3188,3188,"und",0,803
"node","mention",0,3189,3189,"und",0,803
"node","mention",0,3190,3190,"und",0,803
"node","mention",0,3191,3191,"und",0,803
"node","mention",0,3192,3192,"und",0,803
"node","mention",0,3193,3193,"und",0,803
"node","mention",0,3194,3194,"und",0,803
"node","mention",0,3195,3195,"und",0,803
"node","mention",0,3196,3196,"und",0,803
"node","mention",0,3197,3197,"und",0,803
"node","mention",0,3198,3198,"und",0,803
"node","mention",0,3199,3199,"und",0,803
"node","mention",0,3200,3200,"und",0,803
"node","mention",0,3201,3201,"und",0,803
"node","mention",0,3202,3202,"und",0,803
"node","mention",0,3203,3203,"und",0,803
"node","mention",0,3204,3204,"und",0,803
"node","mention",0,3206,3206,"und",0,803
"node","mention",0,3207,3207,"und",0,803
"node","mention",0,3208,3208,"und",0,803
"node","mention",0,3209,3209,"und",0,803
"node","mention",0,3210,3210,"und",0,803
"node","mention",0,3211,3211,"und",0,803
"node","mention",0,3212,3212,"und",0,803
"node","mention",0,3213,3213,"und",0,803
"node","mention",0,3214,3214,"und",0,803
"node","mention",0,3215,3215,"und",0,803
"node","mention",0,3216,3216,"und",0,803
"node","mention",0,3217,3217,"und",0,803
"node","mention",0,3218,3218,"und",0,803
"node","mention",0,3219,3219,"und",0,803
"node","mention",0,3220,3220,"und",0,803
"node","mention",0,3221,3221,"und",0,803
"node","mention",0,3222,3222,"und",0,803
"node","mention",0,3223,3223,"und",0,803
"node","mention",0,3224,3224,"und",0,803
"node","mention",0,3225,3225,"und",0,803
"node","mention",0,3226,3226,"und",0,803
"node","mention",0,3227,3227,"und",0,803
"node","mention",0,3228,3228,"und",0,803
"node","mention",0,3229,3229,"und",0,803
"node","mention",0,3230,3230,"und",0,803
"node","mention",0,3231,3231,"und",0,803
"node","mention",0,3232,3232,"und",0,803
"node","mention",0,3233,3233,"und",0,803
"node","mention",0,3234,3234,"und",0,803
"node","mention",0,3235,3235,"und",0,803
"node","mention",0,3236,3236,"und",0,803
"node","mention",0,3237,3237,"und",0,803
"node","mention",0,3238,3238,"und",0,803
"node","mention",0,3239,3239,"und",0,803
"node","mention",0,3240,3240,"und",0,803
"node","mention",0,3241,3241,"und",0,803
"node","mention",0,3242,3242,"und",0,803
"node","mention",0,3243,3243,"und",0,803
"node","mention",0,3244,3244,"und",0,803
"node","mention",0,3245,3245,"und",0,803
"node","mention",0,3246,3246,"und",0,803
"node","mention",0,3247,3247,"und",0,803
"node","mention",0,3248,3248,"und",0,803
"node","mention",0,3249,3249,"und",0,803
"node","mention",0,3250,3250,"und",0,803
"node","mention",0,3251,3251,"und",0,803
"node","mention",0,3252,3252,"und",0,803
"node","mention",0,3253,3253,"und",0,803
"node","mention",0,3254,3254,"und",0,803
"node","mention",0,3255,3255,"und",0,803
"node","mention",0,3256,3256,"und",0,803
"node","mention",0,3257,3257,"und",0,803
"node","mention",0,3258,3258,"und",0,803
"node","mention",0,3259,3259,"und",0,803
"node","mention",0,3260,3260,"und",0,803
"node","mention",0,3261,3261,"und",0,803
"node","mention",0,3262,3262,"und",0,803
"node","mention",0,3263,3263,"und",0,803
"node","mention",0,3264,3264,"und",0,803
"node","mention",0,3265,3265,"und",0,803
"node","mention",0,3266,3266,"und",0,803
"node","mention",0,3267,3267,"und",0,803
"node","mention",0,3268,3268,"und",0,803
"node","mention",0,3269,3269,"und",0,803
"node","mention",0,3270,3270,"und",0,803
"node","mention",0,3271,3271,"und",0,803
"node","mention",0,3272,3272,"und",0,803
"node","mention",0,3273,3273,"und",0,803
"node","mention",0,3274,3274,"und",0,803
"node","mention",0,3275,3275,"und",0,803
"node","mention",0,3276,3276,"und",0,803
"node","mention",0,3277,3277,"und",0,803
"node","mention",0,3278,3278,"und",0,803
"node","mention",0,3279,3279,"und",0,803
"node","mention",0,3280,3280,"und",0,803
"node","mention",0,3281,3281,"und",0,803
"node","mention",0,3282,3282,"und",0,803
"node","mention",0,3283,3283,"und",0,803
"node","mention",0,3284,3284,"und",0,803
"node","mention",0,3285,3285,"und",0,803
"node","mention",0,3286,3286,"und",0,803
"node","mention",0,3287,3287,"und",0,803
"node","mention",0,3288,3288,"und",0,803
"node","mention",0,3289,3289,"und",0,803
"node","mention",0,3290,3290,"und",0,803
"node","mention",0,3291,3291,"und",0,803
"node","mention",0,3292,3292,"und",0,803
"node","mention",0,3293,3293,"und",0,803
"node","mention",0,3294,3294,"und",0,803
"node","mention",0,3295,3295,"und",0,803
"node","mention",0,3296,3296,"und",0,803
"node","mention",0,3297,3297,"und",0,803
"node","mention",0,3298,3298,"und",0,803
"node","mention",0,3299,3299,"und",0,803
"node","mention",0,3300,3300,"und",0,803
"node","mention",0,3301,3301,"und",0,803
"node","mention",0,3302,3302,"und",0,803
"node","mention",0,3303,3303,"und",0,803
"node","mention",0,3304,3304,"und",0,803
"node","mention",0,3305,3305,"und",0,803
"node","mention",0,3306,3306,"und",0,803
"node","mention",0,3307,3307,"und",0,803
"node","mention",0,3308,3308,"und",0,803
"node","mention",0,3309,3309,"und",0,803
"node","mention",0,3310,3310,"und",0,803
"node","mention",0,3311,3311,"und",0,803
"node","mention",0,3312,3312,"und",0,803
"node","mention",0,3313,3313,"und",0,803
"node","mention",0,3314,3314,"und",0,803
"node","mention",0,3315,3315,"und",0,803
"node","mention",0,3316,3316,"und",0,803
"node","mention",0,3317,3317,"und",0,803
"node","mention",0,3318,3318,"und",0,803
"node","mention",0,3319,3319,"und",0,803
"node","mention",0,3320,3320,"und",0,803
"node","mention",0,3321,3321,"und",0,803
"node","mention",0,3322,3322,"und",0,803
"node","mention",0,3323,3323,"und",0,803
"node","mention",0,3324,3324,"und",0,803
"node","mention",0,3325,3325,"und",0,803
"node","mention",0,3326,3326,"und",0,803
"node","mention",0,3327,3327,"und",0,803
"node","mention",0,3328,3328,"und",0,803
"node","mention",0,3329,3329,"und",0,803
"node","mention",0,3330,3330,"und",0,803
"node","mention",0,3331,3331,"und",0,803
"node","mention",0,3332,3332,"und",0,803
"node","mention",0,3333,3333,"und",0,803
"node","mention",0,3334,3334,"und",0,803
"node","mention",0,3335,3335,"und",0,803
"node","mention",0,3336,3336,"und",0,803
"node","mention",0,3337,3337,"und",0,803
"node","mention",0,3338,3338,"und",0,803
"node","mention",0,3339,3339,"und",0,803
"node","mention",0,3340,3340,"und",0,803
"node","mention",0,3341,3341,"und",0,803
"node","mention",0,3342,3342,"und",0,803
"node","mention",0,3343,3343,"und",0,803
"node","mention",0,3344,3344,"und",0,803
"node","mention",0,3345,3345,"und",0,803
"node","mention",0,3346,3346,"und",0,803
"node","mention",0,3347,3347,"und",0,803
"node","mention",0,3348,3348,"und",0,803
"node","mention",0,3349,3349,"und",0,803
"node","mention",0,3350,3350,"und",0,803
"node","mention",0,3351,3351,"und",0,803
"node","mention",0,3352,3352,"und",0,803
"node","mention",0,3353,3353,"und",0,803
"node","mention",0,3354,3354,"und",0,803
"node","mention",0,3355,3355,"und",0,803
"node","mention",0,3356,3356,"und",0,803
"node","mention",0,3357,3357,"und",0,803
"node","mention",0,3358,3358,"und",0,803
"node","mention",0,3359,3359,"und",0,803
"node","mention",0,3360,3360,"und",0,803
"node","mention",0,3361,3361,"und",0,803
"node","mention",0,3362,3362,"und",0,803
"node","mention",0,3363,3363,"und",0,803
"node","mention",0,3364,3364,"und",0,803
"node","mention",0,3365,3365,"und",0,803
"node","mention",0,3366,3366,"und",0,803
"node","mention",0,3367,3367,"und",0,803
"node","mention",0,3368,3368,"und",0,803
"node","mention",0,3369,3369,"und",0,803
"node","mention",0,3370,3370,"und",0,803
"node","mention",0,3371,3371,"und",0,803
"node","mention",0,3372,3372,"und",0,803
"node","mention",0,3373,3373,"und",0,803
"node","mention",0,3374,3374,"und",0,803
"node","mention",0,3375,3375,"und",0,803
"node","mention",0,3376,3376,"und",0,803
"node","mention",0,3377,3377,"und",0,803
"node","mention",0,3378,3378,"und",0,803
"node","mention",0,3379,3379,"und",0,803
"node","mention",0,3380,3380,"und",0,803
"node","mention",0,3381,3381,"und",0,803
"node","mention",0,3382,3382,"und",0,803
"node","mention",0,3383,3383,"und",0,803
"node","mention",0,3384,3384,"und",0,803
"node","mention",0,3385,3385,"und",0,803
"node","mention",0,3386,3386,"und",0,803
"node","mention",0,3387,3387,"und",0,803
"node","mention",0,3388,3388,"und",0,803
"node","mention",0,3389,3389,"und",0,803
"node","mention",0,3390,3390,"und",0,803
"node","mention",0,3391,3391,"und",0,803
"node","mention",0,3392,3392,"und",0,803
"node","mention",0,3393,3393,"und",0,803
"node","mention",0,3394,3394,"und",0,803
"node","mention",0,3395,3395,"und",0,803
"node","mention",0,3396,3396,"und",0,803
"node","mention",0,3397,3397,"und",0,803
"node","mention",0,3398,3398,"und",0,803
"node","mention",0,3399,3399,"und",0,803
"node","mention",0,3400,3400,"und",0,803
"node","mention",0,3401,3401,"und",0,803
"node","mention",0,3402,3402,"und",0,803
"node","mention",0,3403,3403,"und",0,803
"node","mention",0,3404,3404,"und",0,803
"node","mention",0,3405,3405,"und",0,803
"node","mention",0,3406,3406,"und",0,803
"node","mention",0,3407,3407,"und",0,803
"node","mention",0,3408,3408,"und",0,803
"node","mention",0,3409,3409,"und",0,803
"node","mention",0,3410,3410,"und",0,803
"node","mention",0,3411,3411,"und",0,803
"node","mention",0,3412,3412,"und",0,803
"node","mention",0,3413,3413,"und",0,803
"node","mention",0,3414,3414,"und",0,803
"node","mention",0,3415,3415,"und",0,803
"node","mention",0,3416,3416,"und",0,803
"node","mention",0,3417,3417,"und",0,803
"node","mention",0,3418,3418,"und",0,803
"node","mention",0,3419,3419,"und",0,803
"node","mention",0,3420,3420,"und",0,803
"node","mention",0,3421,3421,"und",0,803
"node","mention",0,3422,3422,"und",0,803
"node","mention",0,3423,3423,"und",0,803
"node","mention",0,3424,3424,"und",0,803
"node","mention",0,3425,3425,"und",0,803
"node","mention",0,3426,3426,"und",0,803
"node","mention",0,3427,3427,"und",0,803
"node","mention",0,3428,3428,"und",0,803
"node","mention",0,3429,3429,"und",0,803
"node","mention",0,3430,3430,"und",0,803
"node","mention",0,3431,3431,"und",0,803
"node","mention",0,3432,3432,"und",0,803
"node","mention",0,3433,3433,"und",0,803
"node","mention",0,3434,3434,"und",0,803
"node","mention",0,3435,3435,"und",0,803
"node","mention",0,3436,3436,"und",0,803
"node","mention",0,3437,3437,"und",0,803
"node","mention",0,3438,3438,"und",0,803
"node","mention",0,3439,3439,"und",0,803
"node","mention",0,3440,3440,"und",0,803
"node","mention",0,3441,3441,"und",0,803
"node","mention",0,3442,3442,"und",0,803
"node","mention",0,3443,3443,"und",0,803
"node","mention",0,3444,3444,"und",0,803
"node","mention",0,3445,3445,"und",0,803
"node","mention",0,3446,3446,"und",0,803
"node","mention",0,3447,3447,"und",0,803
"node","mention",0,3448,3448,"und",0,803
"node","mention",0,3449,3449,"und",0,803
"node","mention",0,3450,3450,"und",0,803
"node","mention",0,3451,3451,"und",0,803
"node","mention",0,3452,3452,"und",0,803
"node","mention",0,3453,3453,"und",0,803
"node","mention",0,3454,3454,"und",0,803
"node","mention",0,3455,3455,"und",0,803
"node","mention",0,3456,3456,"und",0,803
"node","mention",0,3457,3457,"und",0,803
"node","mention",0,3458,3458,"und",0,803
"node","mention",0,3459,3459,"und",0,803
"node","mention",0,3460,3460,"und",0,803
"node","mention",0,3461,3461,"und",0,803
"node","mention",0,3462,3462,"und",0,803
"node","mention",0,3463,3463,"und",0,803
"node","mention",0,3464,3464,"und",0,803
"node","mention",0,3465,3465,"und",0,803
"node","mention",0,3466,3466,"und",0,803
"node","mention",0,3467,3467,"und",0,803
"node","mention",0,3468,3468,"und",0,803
"node","mention",0,3469,3469,"und",0,803
"node","mention",0,3470,3470,"und",0,803
"node","mention",0,3471,3471,"und",0,803
"node","mention",0,3472,3472,"und",0,803
"node","mention",0,3473,3473,"und",0,803
"node","mention",0,3474,3474,"und",0,803
"node","mention",0,3475,3475,"und",0,803
"node","mention",0,3476,3476,"und",0,803
"node","mention",0,3477,3477,"und",0,803
"node","mention",0,3478,3478,"und",0,803
"node","mention",0,3479,3479,"und",0,803
"node","mention",0,3480,3480,"und",0,803
"node","mention",0,3481,3481,"und",0,803
"node","mention",0,3482,3482,"und",0,803
"node","mention",0,3483,3483,"und",0,803
"node","mention",0,3484,3484,"und",0,803
"node","mention",0,3485,3485,"und",0,803
"node","mention",0,3486,3486,"und",0,803
"node","mention",0,3487,3487,"und",0,803
"node","mention",0,3488,3488,"und",0,803
"node","mention",0,3489,3489,"und",0,803
"node","mention",0,3490,3490,"und",0,803
"node","mention",0,3491,3491,"und",0,803
"node","mention",0,3492,3492,"und",0,803
"node","mention",0,3493,3493,"und",0,803
"node","mention",0,3494,3494,"und",0,803
"node","mention",0,3495,3495,"und",0,803
"node","mention",0,3496,3496,"und",0,803
"node","mention",0,3497,3497,"und",0,803
"node","mention",0,3498,3498,"und",0,803
"node","mention",0,3499,3499,"und",0,803
"node","mention",0,3500,3500,"und",0,803
"node","mention",0,3501,3501,"und",0,803
"node","mention",0,3502,3502,"und",0,803
"node","mention",0,3503,3503,"und",0,803
"node","mention",0,3504,3504,"und",0,803
"node","mention",0,3505,3505,"und",0,803
"node","mention",0,3506,3506,"und",0,803
"node","mention",0,3507,3507,"und",0,803
"node","mention",0,3508,3508,"und",0,803
"node","mention",0,3509,3509,"und",0,803
"node","mention",0,3510,3510,"und",0,803
"node","mention",0,3511,3511,"und",0,803
"node","mention",0,3512,3512,"und",0,803
"node","mention",0,3513,3513,"und",0,803
"node","mention",0,3514,3514,"und",0,803
"node","mention",0,3515,3515,"und",0,803
"node","mention",0,3516,3516,"und",0,803
"node","mention",0,3517,3517,"und",0,803
"node","mention",0,3518,3518,"und",0,803
"node","mention",0,3519,3519,"und",0,803
"node","mention",0,3520,3520,"und",0,803
"node","mention",0,3521,3521,"und",0,803
"node","mention",0,3522,3522,"und",0,803
"node","mention",0,3523,3523,"und",0,803
"node","mention",0,3524,3524,"und",0,803
"node","mention",0,3525,3525,"und",0,803
"node","mention",0,3526,3526,"und",0,803
"node","mention",0,3527,3527,"und",0,803
"node","mention",0,3528,3528,"und",0,803
"node","mention",0,3529,3529,"und",0,803
"node","mention",0,3530,3530,"und",0,803
"node","mention",0,3531,3531,"und",0,803
"node","mention",0,3532,3532,"und",0,803
"node","mention",0,3533,3533,"und",0,803
"node","mention",0,3534,3534,"und",0,803
"node","mention",0,3535,3535,"und",0,803
"node","mention",0,3536,3536,"und",0,803
"node","mention",0,3537,3537,"und",0,803
"node","mention",0,3538,3538,"und",0,803
"node","mention",0,3539,3539,"und",0,803
"node","mention",0,3540,3540,"und",0,803
"node","mention",0,3541,3541,"und",0,803
"node","mention",0,3542,3542,"und",0,803
"node","mention",0,3543,3543,"und",0,803
"node","mention",0,3544,3544,"und",0,803
"node","mention",0,3545,3545,"und",0,803
"node","mention",0,3546,3546,"und",0,803
"node","mention",0,3547,3547,"und",0,803
"node","mention",0,3548,3548,"und",0,803
"node","mention",0,3549,3549,"und",0,803
"node","mention",0,3550,3550,"und",0,803
"node","mention",0,3551,3551,"und",0,803
"node","mention",0,3552,3552,"und",0,803
"node","mention",0,3553,3553,"und",0,803
"node","mention",0,3554,3554,"und",0,803
"node","mention",0,3555,3555,"und",0,803
"node","mention",0,3556,3556,"und",0,803
"node","mention",0,3557,3557,"und",0,803
"node","mention",0,3558,3558,"und",0,803
"node","mention",0,3559,3559,"und",0,803
"node","mention",0,3560,3560,"und",0,803
"node","mention",0,3561,3561,"und",0,803
"node","mention",0,3562,3562,"und",0,803
"node","mention",0,3563,3563,"und",0,803
"node","mention",0,3564,3564,"und",0,803
"node","mention",0,3565,3565,"und",0,803
"node","mention",0,3566,3566,"und",0,803
"node","mention",0,3567,3567,"und",0,803
"node","mention",0,3568,3568,"und",0,803
"node","mention",0,3569,3569,"und",0,803
"node","mention",0,3570,3570,"und",0,803
"node","mention",0,3571,3571,"und",0,803
"node","mention",0,3572,3572,"und",0,803
"node","mention",0,3573,3573,"und",0,803
"node","mention",0,3574,3574,"und",0,803
"node","mention",0,3575,3575,"und",0,803
"node","mention",0,3576,3576,"und",0,803
"node","mention",0,3577,3577,"und",0,803
"node","mention",0,3578,3578,"und",0,803
"node","mention",0,3579,3579,"und",0,803
"node","mention",0,3580,3580,"und",0,803
"node","mention",0,3581,3581,"und",0,803
"node","mention",0,3582,3582,"und",0,803
"node","mention",0,3583,3583,"und",0,803
"node","mention",0,3584,3584,"und",0,803
"node","mention",0,3585,3585,"und",0,803
"node","mention",0,3586,3586,"und",0,803
"node","mention",0,3587,3587,"und",0,803
"node","mention",0,3588,3588,"und",0,803
"node","mention",0,3589,3589,"und",0,803
"node","mention",0,3590,3590,"und",0,803
"node","mention",0,3591,3591,"und",0,803
"node","mention",0,3592,3592,"und",0,803
"node","mention",0,3593,3593,"und",0,803
"node","mention",0,3594,3594,"und",0,803
"node","mention",0,3595,3595,"und",0,803
"node","mention",0,3596,3596,"und",0,803
"node","mention",0,3597,3597,"und",0,803
"node","mention",0,3598,3598,"und",0,803
"node","mention",0,3599,3599,"und",0,803
"node","mention",0,3600,3600,"und",0,803
"node","mention",0,3601,3601,"und",0,803
"node","mention",0,3602,3602,"und",0,803
"node","mention",0,3603,3603,"und",0,803
"node","mention",0,3604,3604,"und",0,803
"node","mention",0,3605,3605,"und",0,803
"node","mention",0,3606,3606,"und",0,803
"node","mention",0,3607,3607,"und",0,804
"node","mention",0,3608,3608,"und",0,800
"node","mention",0,3609,3609,"und",0,800
"node","mention",0,3610,3610,"und",0,800
"node","mention",0,3611,3611,"und",0,800
"node","mention",0,3612,3612,"und",0,799
"node","mention",0,3613,3613,"und",0,799
"node","mention",0,3614,3614,"und",0,799
"node","mention",0,3615,3615,"und",0,806
"node","mention",0,3616,3616,"und",0,801
"node","mention",0,3617,3617,"und",0,801
"node","mention",0,3618,3618,"und",0,805
"node","mention",0,3619,3619,"und",0,805
"node","mention",0,3620,3620,"und",0,805
"node","mention",0,3621,3621,"und",0,805
"node","mention",0,3622,3622,"und",0,805
"node","mention",0,3623,3623,"und",0,801
"node","mention",0,3624,3624,"und",0,801
"node","mention",0,3625,3625,"und",0,801
"node","mention",0,3626,3626,"und",0,799
"node","mention",0,3627,3627,"und",0,799
"node","mention",0,3628,3628,"und",0,806
"node","mention",0,3629,3629,"und",0,805
"node","mention",0,3630,3630,"und",0,801
"node","mention",0,3631,3631,"und",0,801
"node","mention",0,3632,3632,"und",0,801
"node","mention",0,3633,3633,"und",0,801
"node","mention",0,3634,3634,"und",0,801
"node","mention",0,3635,3635,"und",0,801
"node","mention",0,3636,3636,"und",0,801
"node","mention",0,3637,3637,"und",0,805
"node","mention",0,3638,3638,"und",0,805
"node","mention",0,3639,3639,"und",0,799
"node","mention",0,3640,3640,"und",0,804
"node","mention",0,3641,3641,"und",0,799
"node","mention",0,3642,3642,"und",0,805
"node","mention",0,3643,3643,"und",0,802
"node","mention",0,3644,3644,"und",0,802
"node","mention",0,3645,3645,"und",0,802
"node","mention",0,3646,3646,"und",0,802
"node","mention",0,3647,3647,"und",0,800
"node","mention",0,3648,3648,"und",0,799
"node","mention",0,3649,3649,"und",0,799
"node","mention",0,3650,3650,"und",0,799
"node","mention",0,3650,3650,"und",1,802
"node","mention",0,3651,3651,"und",0,801
"node","mention",0,3652,3652,"und",0,801
"node","mention",0,3653,3653,"und",0,805
"node","mention",0,3653,3653,"und",1,807
"node","mention",0,3654,3654,"und",0,805
"node","mention",0,3655,3655,"und",0,799
"node","mention",0,3656,3656,"und",0,799
"node","mention",0,3657,3657,"und",0,799
"node","mention",0,3658,3658,"und",0,799
"node","mention",0,3659,3659,"und",0,799
"node","mention",0,3660,3660,"und",0,799
"node","mention",0,3661,3661,"und",0,799
"node","mention",0,3662,3662,"und",0,802
"node","mention",0,3663,3663,"und",0,799
"node","mention",0,3664,3664,"und",0,804
"node","mention",0,3665,3665,"und",0,804
"node","mention",0,3666,3666,"und",0,804
"node","mention",0,3667,3667,"und",0,799
"node","mention",0,3668,3668,"und",0,805
"node","mention",0,3669,3669,"und",0,800
"node","mention",0,3670,3670,"und",0,800
"node","mention",0,3672,3672,"und",0,799
"node","mention",0,3673,3673,"und",0,802
"node","mention",0,3674,3674,"und",0,799
"node","mention",0,3675,3675,"und",0,799
"node","mention",0,3676,3676,"und",0,799
"node","mention",0,3677,3677,"und",0,803
"node","mention",0,3678,3678,"und",0,803
"node","mention",0,3679,3679,"und",0,803
"node","mention",0,3680,3680,"und",0,803
"node","mention",0,3681,3681,"und",0,803
"node","mention",0,3682,3682,"und",0,803
"node","mention",0,3683,3683,"und",0,803
"node","mention",0,3684,3684,"und",0,803
"node","mention",0,3685,3685,"und",0,803
"node","mention",0,3686,3686,"und",0,803
"node","mention",0,3687,3687,"und",0,803
"node","mention",0,3688,3688,"und",0,803
"node","mention",0,3689,3689,"und",0,803
"node","mention",0,3690,3690,"und",0,803
"node","mention",0,3691,3691,"und",0,803
"node","mention",0,3692,3692,"und",0,803
"node","mention",0,3693,3693,"und",0,803
"node","mention",0,3694,3694,"und",0,803
"node","mention",0,3695,3695,"und",0,803
"node","mention",0,3696,3696,"und",0,803
"node","mention",0,3697,3697,"und",0,803
"node","mention",0,3698,3698,"und",0,803
"node","mention",0,3699,3699,"und",0,803
"node","mention",0,3700,3700,"und",0,803
"node","mention",0,3701,3701,"und",0,803
"node","mention",0,3702,3702,"und",0,803
"node","mention",0,3703,3703,"und",0,803
"node","mention",0,3704,3704,"und",0,803
"node","mention",0,3705,3705,"und",0,803
"node","mention",0,3706,3706,"und",0,803
"node","mention",0,3707,3707,"und",0,803
"node","mention",0,3708,3708,"und",0,803
"node","mention",0,3709,3709,"und",0,803
"node","mention",0,3710,3710,"und",0,803
"node","mention",0,3711,3711,"und",0,803
"node","mention",0,3712,3712,"und",0,803
"node","mention",0,3713,3713,"und",0,803
"node","mention",0,3714,3714,"und",0,803
"node","mention",0,3715,3715,"und",0,803
"node","mention",0,3716,3716,"und",0,803
"node","mention",0,3717,3717,"und",0,803
"node","mention",0,3718,3718,"und",0,803
"node","mention",0,3719,3719,"und",0,799
"node","mention",0,3720,3720,"und",0,799
"node","mention",0,3721,3721,"und",0,801
"node","mention",0,3722,3722,"und",0,799
"node","mention",0,3723,3723,"und",0,799
"node","mention",0,3724,3724,"und",0,805
"node","mention",0,3725,3725,"und",0,799
"node","mention",0,3726,3726,"und",0,798
"node","mention",0,3727,3727,"und",0,806
"node","mention",0,3728,3728,"und",0,801
"node","mention",0,3729,3729,"und",0,801
"node","mention",0,3730,3730,"und",0,801
"node","mention",0,3731,3731,"und",0,801
"node","mention",0,3732,3732,"und",0,801
"node","mention",0,3733,3733,"und",0,801
"node","mention",0,3734,3734,"und",0,799
"node","mention",0,3734,3734,"und",1,803
"node","mention",0,3735,3735,"und",0,800
"node","mention",0,3736,3736,"und",0,800
"node","mention",0,3736,3736,"und",1,805
"node","mention",0,3737,3737,"und",0,805
"node","mention",0,3738,3738,"und",0,805
"node","mention",0,3739,3739,"und",0,799
"node","mention",0,3740,3740,"und",0,799
"node","mention",0,3741,3741,"und",0,800
"node","mention",0,3742,3742,"und",0,801
"node","mention",0,3743,3743,"und",0,801
"node","mention",0,3744,3744,"und",0,801
"node","mention",0,3745,3745,"und",0,806
"node","mention",0,3746,3746,"und",0,801
"node","mention",0,3747,3747,"und",0,802
"node","mention",0,3748,3748,"und",0,802
"node","mention",0,3749,3749,"und",0,801
"node","mention",0,3750,3750,"und",0,801
"node","mention",0,3751,3751,"und",0,801
"node","mention",0,3752,3752,"und",0,801
"node","mention",0,3753,3753,"und",0,803
"node","mention",0,3754,3754,"und",0,803
"node","mention",0,3755,3755,"und",0,803
"node","mention",0,3756,3756,"und",0,803
"node","mention",0,3757,3757,"und",0,803
"node","mention",0,3758,3758,"und",0,803
"node","mention",0,3759,3759,"und",0,803
"node","mention",0,3760,3760,"und",0,803
"node","mention",0,3761,3761,"und",0,803
"node","mention",0,3762,3762,"und",0,803
"node","mention",0,3763,3763,"und",0,803
"node","mention",0,3764,3764,"und",0,803
"node","mention",0,3765,3765,"und",0,803
"node","mention",0,3766,3766,"und",0,803
"node","mention",0,3767,3767,"und",0,803
"node","mention",0,3768,3768,"und",0,803
"node","mention",0,3769,3769,"und",0,803
"node","mention",0,3770,3770,"und",0,803
"node","mention",0,3771,3771,"und",0,803
"node","mention",0,3772,3772,"und",0,803
"node","mention",0,3773,3773,"und",0,803
"node","mention",0,3774,3774,"und",0,803
"node","mention",0,3775,3775,"und",0,803
"node","mention",0,3776,3776,"und",0,803
"node","mention",0,3777,3777,"und",0,803
"node","mention",0,3778,3778,"und",0,803
"node","mention",0,3779,3779,"und",0,803
"node","mention",0,3780,3780,"und",0,803
"node","mention",0,3781,3781,"und",0,803
"node","mention",0,3782,3782,"und",0,803
"node","mention",0,3783,3783,"und",0,803
"node","mention",0,3784,3784,"und",0,803
"node","mention",0,3785,3785,"und",0,803
"node","mention",0,3786,3786,"und",0,803
"node","mention",0,3787,3787,"und",0,803
"node","mention",0,3788,3788,"und",0,803
"node","mention",0,3789,3789,"und",0,803
"node","mention",0,3790,3790,"und",0,803
"node","mention",0,3791,3791,"und",0,803
"node","mention",0,3792,3792,"und",0,803
"node","mention",0,3793,3793,"und",0,803
"node","mention",0,3794,3794,"und",0,803
"node","mention",0,3795,3795,"und",0,803
"node","mention",0,3796,3796,"und",0,803
"node","mention",0,3797,3797,"und",0,803
"node","mention",0,3798,3798,"und",0,803
"node","mention",0,3799,3799,"und",0,803
"node","mention",0,3800,3800,"und",0,803
"node","mention",0,3801,3801,"und",0,803
"node","mention",0,3802,3802,"und",0,803
"node","mention",0,3803,3803,"und",0,803
"node","mention",0,3804,3804,"und",0,803
"node","mention",0,3805,3805,"und",0,803
"node","mention",0,3806,3806,"und",0,803
"node","mention",0,3807,3807,"und",0,803
"node","mention",0,3808,3808,"und",0,803
"node","mention",0,3809,3809,"und",0,803
"node","mention",0,3810,3810,"und",0,803
"node","mention",0,3811,3811,"und",0,803
"node","mention",0,3812,3812,"und",0,803
"node","mention",0,3813,3813,"und",0,803
"node","mention",0,3814,3814,"und",0,803
"node","mention",0,3815,3815,"und",0,803
"node","mention",0,3816,3816,"und",0,803
"node","mention",0,3817,3817,"und",0,803
"node","mention",0,3818,3818,"und",0,803
"node","mention",0,3819,3819,"und",0,803
"node","mention",0,3820,3820,"und",0,803
"node","mention",0,3821,3821,"und",0,803
"node","mention",0,3822,3822,"und",0,803
"node","mention",0,3823,3823,"und",0,803
"node","mention",0,3824,3824,"und",0,803
"node","mention",0,3825,3825,"und",0,803
"node","mention",0,3826,3826,"und",0,803
"node","mention",0,3827,3827,"und",0,803
"node","mention",0,3828,3828,"und",0,803
"node","mention",0,3829,3829,"und",0,803
"node","mention",0,3830,3830,"und",0,803
"node","mention",0,3831,3831,"und",0,803
"node","mention",0,3832,3832,"und",0,803
"node","mention",0,3833,3833,"und",0,803
"node","mention",0,3834,3834,"und",0,803
"node","mention",0,3835,3835,"und",0,803
"node","mention",0,3836,3836,"und",0,803
"node","mention",0,3837,3837,"und",0,803
"node","mention",0,3838,3838,"und",0,803
"node","mention",0,3839,3839,"und",0,803
"node","mention",0,3840,3840,"und",0,803
"node","mention",0,3841,3841,"und",0,803
"node","mention",0,3842,3842,"und",0,803
"node","mention",0,3843,3843,"und",0,803
"node","mention",0,3844,3844,"und",0,803
"node","mention",0,3845,3845,"und",0,803
"node","mention",0,3846,3846,"und",0,803
"node","mention",0,3847,3847,"und",0,803
"node","mention",0,3848,3848,"und",0,803
"node","mention",0,3849,3849,"und",0,803
"node","mention",0,3850,3850,"und",0,803
"node","mention",0,3851,3851,"und",0,803
"node","mention",0,3852,3852,"und",0,803
"node","mention",0,3853,3853,"und",0,803
"node","mention",0,3854,3854,"und",0,803
"node","mention",0,3855,3855,"und",0,803
"node","mention",0,3856,3856,"und",0,803
"node","mention",0,3857,3857,"und",0,803
"node","mention",0,3858,3858,"und",0,803
"node","mention",0,3859,3859,"und",0,803
"node","mention",0,3860,3860,"und",0,803
"node","mention",0,3861,3861,"und",0,803
"node","mention",0,3862,3862,"und",0,803
"node","mention",0,3863,3863,"und",0,803
"node","mention",0,3864,3864,"und",0,803
"node","mention",0,3865,3865,"und",0,803
"node","mention",0,3866,3866,"und",0,803
"node","mention",0,3867,3867,"und",0,803
"node","mention",0,3868,3868,"und",0,803
"node","mention",0,3869,3869,"und",0,803
"node","mention",0,3870,3870,"und",0,803
"node","mention",0,3871,3871,"und",0,803
"node","mention",0,3872,3872,"und",0,803
"node","mention",0,3873,3873,"und",0,803
"node","mention",0,3874,3874,"und",0,803
"node","mention",0,3875,3875,"und",0,803
"node","mention",0,3876,3876,"und",0,803
"node","mention",0,3877,3877,"und",0,803
"node","mention",0,3878,3878,"und",0,803
"node","mention",0,3879,3879,"und",0,803
"node","mention",0,3880,3880,"und",0,803
"node","mention",0,3881,3881,"und",0,803
"node","mention",0,3882,3882,"und",0,803
"node","mention",0,3883,3883,"und",0,803
"node","mention",0,3884,3884,"und",0,803
"node","mention",0,3885,3885,"und",0,803
"node","mention",0,3886,3886,"und",0,803
"node","mention",0,3887,3887,"und",0,803
"node","mention",0,3888,3888,"und",0,803
"node","mention",0,3889,3889,"und",0,803
"node","mention",0,3890,3890,"und",0,803
"node","mention",0,3891,3891,"und",0,803
"node","mention",0,3892,3892,"und",0,803
"node","mention",0,3893,3893,"und",0,803
"node","mention",0,3894,3894,"und",0,803
"node","mention",0,3895,3895,"und",0,803
"node","mention",0,3896,3896,"und",0,803
"node","mention",0,3897,3897,"und",0,803
"node","mention",0,3898,3898,"und",0,803
"node","mention",0,3899,3899,"und",0,803
"node","mention",0,3900,3900,"und",0,803
"node","mention",0,3901,3901,"und",0,803
"node","mention",0,3902,3902,"und",0,803
"node","mention",0,3903,3903,"und",0,803
"node","mention",0,3904,3904,"und",0,803
"node","mention",0,3905,3905,"und",0,803
"node","mention",0,3906,3906,"und",0,803
"node","mention",0,3907,3907,"und",0,803
"node","mention",0,3908,3908,"und",0,803
"node","mention",0,3909,3909,"und",0,803
"node","mention",0,3910,3910,"und",0,803
"node","mention",0,3911,3911,"und",0,803
"node","mention",0,3912,3912,"und",0,803
"node","mention",0,3913,3913,"und",0,803
"node","mention",0,3914,3914,"und",0,803
"node","mention",0,3915,3915,"und",0,803
"node","mention",0,3916,3916,"und",0,803
"node","mention",0,3917,3917,"und",0,803
"node","mention",0,3918,3918,"und",0,803
"node","mention",0,3919,3919,"und",0,803
"node","mention",0,3920,3920,"und",0,803
"node","mention",0,3921,3921,"und",0,803
"node","mention",0,3922,3922,"und",0,803
"node","mention",0,3923,3923,"und",0,803
"node","mention",0,3924,3924,"und",0,803
"node","mention",0,3925,3925,"und",0,803
"node","mention",0,3926,3926,"und",0,803
"node","mention",0,3927,3927,"und",0,803
"node","mention",0,3928,3928,"und",0,803
"node","mention",0,3929,3929,"und",0,803
"node","mention",0,3930,3930,"und",0,803
"node","mention",0,3931,3931,"und",0,803
"node","mention",0,3932,3932,"und",0,803
"node","mention",0,3933,3933,"und",0,803
"node","mention",0,3934,3934,"und",0,803
"node","mention",0,3935,3935,"und",0,803
"node","mention",0,3936,3936,"und",0,803
"node","mention",0,3937,3937,"und",0,803
"node","mention",0,3938,3938,"und",0,803
"node","mention",0,3939,3939,"und",0,803
"node","mention",0,3940,3940,"und",0,803
"node","mention",0,3941,3941,"und",0,803
"node","mention",0,3942,3942,"und",0,803
"node","mention",0,3943,3943,"und",0,803
"node","mention",0,3944,3944,"und",0,803
"node","mention",0,3945,3945,"und",0,803
"node","mention",0,3946,3946,"und",0,803
"node","mention",0,3947,3947,"und",0,803
"node","mention",0,3948,3948,"und",0,803
"node","mention",0,3949,3949,"und",0,803
"node","mention",0,3950,3950,"und",0,803
"node","mention",0,3951,3951,"und",0,803
"node","mention",0,3952,3952,"und",0,803
"node","mention",0,3953,3953,"und",0,803
"node","mention",0,3954,3954,"und",0,803
"node","mention",0,3955,3955,"und",0,803
"node","mention",0,3956,3956,"und",0,803
"node","mention",0,3957,3957,"und",0,803
"node","mention",0,3958,3958,"und",0,803
"node","mention",0,3959,3959,"und",0,803
"node","mention",0,3960,3960,"und",0,803
"node","mention",0,3961,3961,"und",0,803
"node","mention",0,3962,3962,"und",0,803
"node","mention",0,3963,3963,"und",0,803
"node","mention",0,3964,3964,"und",0,803
"node","mention",0,3965,3965,"und",0,803
"node","mention",0,3966,3966,"und",0,803
"node","mention",0,3967,3967,"und",0,803
"node","mention",0,3968,3968,"und",0,803
"node","mention",0,3969,3969,"und",0,803
"node","mention",0,3970,3970,"und",0,803
"node","mention",0,3971,3971,"und",0,803
"node","mention",0,3972,3972,"und",0,803
"node","mention",0,3973,3973,"und",0,803
"node","mention",0,3974,3974,"und",0,803
"node","mention",0,3975,3975,"und",0,803
"node","mention",0,3976,3976,"und",0,803
"node","mention",0,3977,3977,"und",0,803
"node","mention",0,3978,3978,"und",0,803
"node","mention",0,3979,3979,"und",0,803
"node","mention",0,3980,3980,"und",0,803
"node","mention",0,3981,3981,"und",0,803
"node","mention",0,3982,3982,"und",0,803
"node","mention",0,3983,3983,"und",0,803
"node","mention",0,3984,3984,"und",0,803
"node","mention",0,3985,3985,"und",0,803
"node","mention",0,3986,3986,"und",0,803
"node","mention",0,3987,3987,"und",0,803
"node","mention",0,3988,3988,"und",0,803
"node","mention",0,3989,3989,"und",0,803
"node","mention",0,3990,3990,"und",0,803
"node","mention",0,3991,3991,"und",0,803
"node","mention",0,3992,3992,"und",0,803
"node","mention",0,3993,3993,"und",0,803
"node","mention",0,3994,3994,"und",0,803
"node","mention",0,3995,3995,"und",0,803
"node","mention",0,3996,3996,"und",0,803
"node","mention",0,3997,3997,"und",0,803
"node","mention",0,3998,3998,"und",0,803
"node","mention",0,3999,3999,"und",0,803
"node","mention",0,4000,4000,"und",0,802
"node","mention",0,4001,4001,"und",0,799
"node","mention",0,4002,4002,"und",0,801
"node","mention",0,4003,4003,"und",0,801
"node","mention",0,4004,4004,"und",0,805
"node","mention",0,4005,4005,"und",0,806
"node","mention",0,4006,4006,"und",0,801
"node","mention",0,4007,4007,"und",0,801
"node","mention",0,4008,4008,"und",0,803
"node","mention",0,4009,4009,"und",0,803
"node","mention",0,4010,4010,"und",0,803
"node","mention",0,4011,4011,"und",0,808
"node","mention",0,4012,4012,"und",0,801
"node","mention",0,4013,4013,"und",0,801
"node","mention",0,4014,4014,"und",0,801
"node","mention",0,4015,4015,"und",0,801
"node","mention",0,4016,4016,"und",0,801
"node","mention",0,4017,4017,"und",0,801
"node","mention",0,4018,4018,"und",0,801
"node","mention",0,4019,4019,"und",0,801
"node","mention",0,4020,4020,"und",0,801
"node","mention",0,4021,4021,"und",0,801
"node","mention",0,4022,4022,"und",0,801
"node","mention",0,4023,4023,"und",0,801
"node","mention",0,4024,4024,"und",0,801
"node","mention",0,4025,4025,"und",0,801
"node","mention",0,4026,4026,"und",0,801
"node","mention",0,4027,4027,"und",0,801
"node","mention",0,4028,4028,"und",0,801
"node","mention",0,4029,4029,"und",0,801
"node","mention",0,4031,4031,"und",0,802
"node","mention",0,4032,4032,"und",0,802
"node","mention",0,4033,4033,"und",0,802
"node","mention",0,4034,4034,"und",0,802
"node","mention",0,4035,4035,"und",0,801
"node","mention",0,4036,4036,"und",0,801
"node","mention",0,4037,4037,"und",0,801
"node","mention",0,4038,4038,"und",0,801
"node","mention",0,4039,4039,"und",0,801
"node","mention",0,4040,4040,"und",0,801
"node","mention",0,4041,4041,"und",0,801
"node","mention",0,4042,4042,"und",0,801
"node","mention",0,4043,4043,"und",0,801
"node","mention",0,4044,4044,"und",0,801
"node","mention",0,4045,4045,"und",0,801
"node","mention",0,4046,4046,"und",0,803
"node","mention",0,4047,4047,"und",0,803
"node","mention",0,4048,4048,"und",0,803
"node","mention",0,4049,4049,"und",0,803
"node","mention",0,4050,4050,"und",0,803
"node","mention",0,4051,4051,"und",0,803
"node","mention",0,4052,4052,"und",0,803
"node","mention",0,4053,4053,"und",0,803
"node","mention",0,4054,4054,"und",0,803
"node","mention",0,4055,4055,"und",0,803
"node","mention",0,4056,4056,"und",0,803
"node","mention",0,4057,4057,"und",0,803
"node","mention",0,4058,4058,"und",0,803
"node","mention",0,4059,4059,"und",0,803
"node","mention",0,4060,4060,"und",0,803
"node","mention",0,4061,4061,"und",0,803
"node","mention",0,4062,4062,"und",0,803
"node","mention",0,4063,4063,"und",0,803
"node","mention",0,4064,4064,"und",0,803
"node","mention",0,4065,4065,"und",0,803
"node","mention",0,4066,4066,"und",0,803
"node","mention",0,4067,4067,"und",0,803
"node","mention",0,4068,4068,"und",0,803
"node","mention",0,4069,4069,"und",0,803
"node","mention",0,4070,4070,"und",0,803
"node","mention",0,4071,4071,"und",0,803
"node","mention",0,4072,4072,"und",0,803
"node","mention",0,4073,4073,"und",0,803
"node","mention",0,4074,4074,"und",0,803
"node","mention",0,4075,4075,"und",0,803
"node","mention",0,4076,4076,"und",0,803
"node","mention",0,4077,4077,"und",0,803
"node","mention",0,4078,4078,"und",0,803
"node","mention",0,4079,4079,"und",0,803
"node","mention",0,4080,4080,"und",0,803
"node","mention",0,4081,4081,"und",0,803
"node","mention",0,4082,4082,"und",0,803
"node","mention",0,4083,4083,"und",0,803
"node","mention",0,4084,4084,"und",0,803
"node","mention",0,4085,4085,"und",0,803
"node","mention",0,4086,4086,"und",0,803
"node","mention",0,4087,4087,"und",0,803
"node","mention",0,4088,4088,"und",0,803
"node","mention",0,4089,4089,"und",0,803
"node","mention",0,4090,4090,"und",0,803
"node","mention",0,4091,4091,"und",0,803
"node","mention",0,4092,4092,"und",0,803
"node","mention",0,4093,4093,"und",0,803
"node","mention",0,4094,4094,"und",0,803
"node","mention",0,4095,4095,"und",0,803
"node","mention",0,4096,4096,"und",0,803
"node","mention",0,4097,4097,"und",0,803
"node","mention",0,4098,4098,"und",0,803
"node","mention",0,4099,4099,"und",0,803
"node","mention",0,4100,4100,"und",0,803
"node","mention",0,4101,4101,"und",0,803
"node","mention",0,4102,4102,"und",0,803
"node","mention",0,4103,4103,"und",0,803
"node","mention",0,4104,4104,"und",0,803
"node","mention",0,4105,4105,"und",0,803
"node","mention",0,4106,4106,"und",0,803
"node","mention",0,4107,4107,"und",0,803
"node","mention",0,4108,4108,"und",0,803
"node","mention",0,4109,4109,"und",0,803
"node","mention",0,4110,4110,"und",0,803
"node","mention",0,4111,4111,"und",0,803
"node","mention",0,4112,4112,"und",0,803
"node","mention",0,4113,4113,"und",0,803
"node","mention",0,4114,4114,"und",0,803
"node","mention",0,4115,4115,"und",0,803
"node","mention",0,4116,4116,"und",0,803
"node","mention",0,4117,4117,"und",0,803
"node","mention",0,4118,4118,"und",0,803
"node","mention",0,4119,4119,"und",0,803
"node","mention",0,4120,4120,"und",0,803
"node","mention",0,4121,4121,"und",0,803
"node","mention",0,4122,4122,"und",0,803
"node","mention",0,4123,4123,"und",0,803
"node","mention",0,4124,4124,"und",0,803
"node","mention",0,4125,4125,"und",0,803
"node","mention",0,4126,4126,"und",0,803
"node","mention",0,4127,4127,"und",0,803
"node","mention",0,4128,4128,"und",0,803
"node","mention",0,4129,4129,"und",0,803
"node","mention",0,4130,4130,"und",0,803
"node","mention",0,4131,4131,"und",0,803
"node","mention",0,4132,4132,"und",0,803
"node","mention",0,4134,4134,"und",0,802
"node","mention",0,4135,4135,"und",0,798
"node","mention",0,4136,4136,"und",0,801
"node","mention",0,4137,4137,"und",0,801
"node","mention",0,4140,4140,"und",0,801
"node","mention",0,4141,4141,"und",0,801
"node","mention",0,4142,4142,"und",0,801
"node","mention",0,4143,4143,"und",0,801
"node","mention",0,4144,4144,"und",0,801
"node","mention",0,4145,4145,"und",0,801
"node","mention",0,4146,4146,"und",0,801
"node","mention",0,4147,4147,"und",0,804
"node","mention",0,4148,4148,"und",0,804
"node","mention",0,4149,4149,"und",0,801
"node","mention",0,4150,4150,"und",0,801
"node","mention",0,4151,4151,"und",0,801
"node","mention",0,4152,4152,"und",0,801
"node","mention",0,4153,4153,"und",0,801
"node","mention",0,4154,4154,"und",0,801
"node","mention",0,4155,4155,"und",0,802
"node","mention",0,4156,4156,"und",0,804
"node","mention",0,4157,4157,"und",0,804
"node","mention",0,4159,4159,"und",0,801
"node","mention",0,4160,4160,"und",0,801
"node","mention",0,4161,4161,"und",0,801
"node","mention",0,4162,4162,"und",0,801
"node","mention",0,4163,4163,"und",0,801
"node","mention",0,4164,4164,"und",0,801
"node","mention",0,4165,4165,"und",0,801
"node","mention",0,4166,4166,"und",0,801
"node","mention",0,4167,4167,"und",0,801
"node","mention",0,4168,4168,"und",0,801
"node","mention",0,4169,4169,"und",0,801
"node","mention",0,4170,4170,"und",0,801
"node","mention",0,4171,4171,"und",0,801
"node","mention",0,4172,4172,"und",0,801
"node","mention",0,4173,4173,"und",0,805
"node","mention",0,4174,4174,"und",0,802
"node","mention",0,4174,4174,"und",1,807
"node","mention",0,4175,4175,"und",0,802
"node","mention",0,4175,4175,"und",1,807
"node","mention",0,4176,4176,"und",0,801
"node","mention",0,4177,4177,"und",0,801
"node","mention",0,4178,4178,"und",0,801
"node","mention",0,4179,4179,"und",0,805
"node","mention",0,4180,4180,"und",0,805
"node","mention",0,4181,4181,"und",0,805
"node","mention",0,4182,4182,"und",0,804
"node","mention",0,4183,4183,"und",0,804
"node","mention",0,4184,4184,"und",0,800
"node","mention",0,4184,4184,"und",1,802
"node","mention",0,4185,4185,"und",0,800
"node","mention",0,4185,4185,"und",1,802
"node","mention",0,4186,4186,"und",0,801
"node","mention",0,4187,4187,"und",0,801
"node","mention",0,4188,4188,"und",0,801
"node","mention",0,4189,4189,"und",0,801
"node","mention",0,4190,4190,"und",0,804
"node","mention",0,4191,4191,"und",0,801
"node","mention",0,4192,4192,"und",0,800
"node","mention",0,4192,4192,"und",1,799
"node","mention",0,4193,4193,"und",0,800
"node","mention",0,4193,4193,"und",1,799
"node","mention",0,4194,4194,"und",0,805
"node","mention",0,4195,4195,"und",0,805
"node","mention",0,4200,4200,"und",0,801
"node","mention",0,4201,4201,"und",0,801
"node","mention",0,4202,4202,"und",0,801
"node","mention",0,4203,4203,"und",0,801
"node","mention",0,4204,4204,"und",0,804
"node","mention",0,4205,4205,"und",0,801
"node","mention",0,4206,4206,"und",0,801
"node","mention",0,4207,4207,"und",0,801
"node","mention",0,4208,4208,"und",0,802
"node","mention",0,4209,4209,"und",0,801
"node","mention",0,4214,4214,"und",0,801
"node","mention",0,4215,4215,"und",0,801
"node","mention",0,4216,4216,"und",0,801
"node","mention",0,4217,4217,"und",0,801
"node","mention",0,4218,4218,"und",0,801
"node","mention",0,4219,4219,"und",0,801
"node","mention",0,4220,4220,"und",0,801
"node","mention",0,4221,4221,"und",0,801
"node","mention",0,4222,4222,"und",0,805
"node","mention",0,4223,4223,"und",0,803
"node","mention",0,4224,4224,"und",0,803
"node","mention",0,4225,4225,"und",0,803
"node","mention",0,4226,4226,"und",0,803
"node","mention",0,4227,4227,"und",0,803
"node","mention",0,4228,4228,"und",0,803
"node","mention",0,4229,4229,"und",0,803
"node","mention",0,4230,4230,"und",0,803
"node","mention",0,4232,4232,"und",0,803
"node","mention",0,4233,4233,"und",0,803
"node","mention",0,4234,4234,"und",0,803
"node","mention",0,4235,4235,"und",0,803
"node","mention",0,4236,4236,"und",0,803
"node","mention",0,4237,4237,"und",0,803
"node","mention",0,4238,4238,"und",0,803
"node","mention",0,4239,4239,"und",0,803
"node","mention",0,4240,4240,"und",0,803
"node","mention",0,4241,4241,"und",0,803
"node","mention",0,4242,4242,"und",0,803
"node","mention",0,4243,4243,"und",0,803
"node","mention",0,4244,4244,"und",0,803
"node","mention",0,4245,4245,"und",0,803
"node","mention",0,4246,4246,"und",0,803
"node","mention",0,4247,4247,"und",0,803
"node","mention",0,4248,4248,"und",0,803
"node","mention",0,4249,4249,"und",0,803
"node","mention",0,4250,4250,"und",0,803
"node","mention",0,4251,4251,"und",0,803
"node","mention",0,4252,4252,"und",0,803
"node","mention",0,4253,4253,"und",0,803
"node","mention",0,4254,4254,"und",0,803
"node","mention",0,4255,4255,"und",0,803
"node","mention",0,4256,4256,"und",0,803
"node","mention",0,4257,4257,"und",0,803
"node","mention",0,4258,4258,"und",0,803
"node","mention",0,4259,4259,"und",0,803
"node","mention",0,4260,4260,"und",0,803
"node","mention",0,4261,4261,"und",0,803
"node","mention",0,4262,4262,"und",0,803
"node","mention",0,4263,4263,"und",0,803
"node","mention",0,4264,4264,"und",0,803
"node","mention",0,4265,4265,"und",0,803
"node","mention",0,4266,4266,"und",0,803
"node","mention",0,4267,4267,"und",0,803
"node","mention",0,4268,4268,"und",0,803
"node","mention",0,4269,4269,"und",0,803
"node","mention",0,4270,4270,"und",0,803
"node","mention",0,4271,4271,"und",0,803
"node","mention",0,4272,4272,"und",0,803
"node","mention",0,4273,4273,"und",0,803
"node","mention",0,4274,4274,"und",0,803
"node","mention",0,4275,4275,"und",0,803
"node","mention",0,4276,4276,"und",0,803
"node","mention",0,4277,4277,"und",0,803
"node","mention",0,4278,4278,"und",0,803
"node","mention",0,4279,4279,"und",0,803
"node","mention",0,4280,4280,"und",0,803
"node","mention",0,4281,4281,"und",0,803
"node","mention",0,4282,4282,"und",0,803
"node","mention",0,4283,4283,"und",0,803
"node","mention",0,4284,4284,"und",0,803
"node","mention",0,4285,4285,"und",0,803
"node","mention",0,4286,4286,"und",0,803
"node","mention",0,4287,4287,"und",0,803
"node","mention",0,4288,4288,"und",0,803
"node","mention",0,4289,4289,"und",0,803
"node","mention",0,4290,4290,"und",0,803
"node","mention",0,4291,4291,"und",0,803
"node","mention",0,4292,4292,"und",0,803
"node","mention",0,4293,4293,"und",0,803
"node","mention",0,4294,4294,"und",0,803
"node","mention",0,4295,4295,"und",0,803
"node","mention",0,4296,4296,"und",0,803
"node","mention",0,4297,4297,"und",0,803
"node","mention",0,4298,4298,"und",0,803
"node","mention",0,4299,4299,"und",0,803
"node","mention",0,4300,4300,"und",0,803
"node","mention",0,4301,4301,"und",0,803
"node","mention",0,4302,4302,"und",0,803
"node","mention",0,4303,4303,"und",0,803
"node","mention",0,4304,4304,"und",0,803
"node","mention",0,4305,4305,"und",0,803
"node","mention",0,4306,4306,"und",0,803
"node","mention",0,4307,4307,"und",0,803
"node","mention",0,4308,4308,"und",0,803
"node","mention",0,4309,4309,"und",0,803
"node","mention",0,4310,4310,"und",0,803
"node","mention",0,4311,4311,"und",0,803
"node","mention",0,4312,4312,"und",0,801
"node","mention",0,4313,4313,"und",0,802
"node","mention",0,4314,4314,"und",0,802
"node","mention",0,4315,4315,"und",0,803
"node","mention",0,4316,4316,"und",0,803
"node","mention",0,4317,4317,"und",0,803
"node","mention",0,4318,4318,"und",0,803
"node","mention",0,4319,4319,"und",0,803
"node","mention",0,4320,4320,"und",0,803
"node","mention",0,4321,4321,"und",0,803
"node","mention",0,4322,4322,"und",0,803
"node","mention",0,4323,4323,"und",0,803
"node","mention",0,4324,4324,"und",0,803
"node","mention",0,4325,4325,"und",0,803
"node","mention",0,4326,4326,"und",0,803
"node","mention",0,4327,4327,"und",0,803
"node","mention",0,4328,4328,"und",0,803
"node","mention",0,4329,4329,"und",0,803
"node","mention",0,4330,4330,"und",0,803
"node","mention",0,4331,4331,"und",0,803
"node","mention",0,4332,4332,"und",0,803
"node","mention",0,4333,4333,"und",0,803
"node","mention",0,4334,4334,"und",0,803
"node","mention",0,4335,4335,"und",0,803
"node","mention",0,4336,4336,"und",0,803
"node","mention",0,4337,4337,"und",0,803
"node","mention",0,4338,4338,"und",0,803
"node","mention",0,4339,4339,"und",0,803
"node","mention",0,4340,4340,"und",0,803
"node","mention",0,4341,4341,"und",0,803
"node","mention",0,4342,4342,"und",0,803
"node","mention",0,4343,4343,"und",0,803
"node","mention",0,4344,4344,"und",0,803
"node","mention",0,4345,4345,"und",0,803
"node","mention",0,4346,4346,"und",0,803
"node","mention",0,4347,4347,"und",0,803
"node","mention",0,4348,4348,"und",0,803
"node","mention",0,4349,4349,"und",0,803
"node","mention",0,4350,4350,"und",0,803
"node","mention",0,4351,4351,"und",0,803
"node","mention",0,4352,4352,"und",0,803
"node","mention",0,4353,4353,"und",0,803
"node","mention",0,4354,4354,"und",0,803
"node","mention",0,4355,4355,"und",0,803
"node","mention",0,4356,4356,"und",0,803
"node","mention",0,4357,4357,"und",0,803
"node","mention",0,4358,4358,"und",0,803
"node","mention",0,4359,4359,"und",0,803
"node","mention",0,4360,4360,"und",0,803
"node","mention",0,4361,4361,"und",0,803
"node","mention",0,4362,4362,"und",0,803
"node","mention",0,4363,4363,"und",0,803
"node","mention",0,4364,4364,"und",0,803
"node","mention",0,4365,4365,"und",0,803
"node","mention",0,4366,4366,"und",0,803
"node","mention",0,4367,4367,"und",0,803
"node","mention",0,4368,4368,"und",0,803
"node","mention",0,4369,4369,"und",0,803
"node","mention",0,4370,4370,"und",0,803
"node","mention",0,4371,4371,"und",0,803
"node","mention",0,4372,4372,"und",0,803
"node","mention",0,4373,4373,"und",0,803
"node","mention",0,4374,4374,"und",0,803
"node","mention",0,4375,4375,"und",0,803
"node","mention",0,4376,4376,"und",0,803
"node","mention",0,4377,4377,"und",0,803
"node","mention",0,4378,4378,"und",0,803
"node","mention",0,4379,4379,"und",0,803
"node","mention",0,4380,4380,"und",0,803
"node","mention",0,4381,4381,"und",0,801
"node","mention",0,4382,4382,"und",0,801
"node","mention",0,4383,4383,"und",0,801
"node","mention",0,4384,4384,"und",0,801
"node","mention",0,4385,4385,"und",0,801
"node","mention",0,4386,4386,"und",0,802
"node","mention",0,4387,4387,"und",0,802
"node","mention",0,4388,4388,"und",0,802
"node","mention",0,4389,4389,"und",0,802
"node","mention",0,4390,4390,"und",0,802
"node","mention",0,4391,4391,"und",0,802
"node","mention",0,4392,4392,"und",0,801
"node","mention",0,4393,4393,"und",0,801
"node","mention",0,4394,4394,"und",0,798
"node","mention",0,4395,4395,"und",0,798
"node","mention",0,4396,4396,"und",0,798
"node","mention",0,4397,4397,"und",0,798
"node","mention",0,4398,4398,"und",0,798
"node","mention",0,4399,4399,"und",0,801
"node","mention",0,4400,4400,"und",0,801
"node","mention",0,4401,4401,"und",0,801
"node","mention",0,4402,4402,"und",0,804
"node","mention",0,4403,4403,"und",0,801
"node","mention",0,4404,4404,"und",0,801
"node","mention",0,4405,4405,"und",0,801
"node","mention",0,4406,4406,"und",0,801
"node","mention",0,4407,4407,"und",0,804
"node","mention",0,4408,4408,"und",0,806
"node","mention",0,4409,4409,"und",0,799
"node","mention",0,4410,4410,"und",0,799
"node","mention",0,4411,4411,"und",0,802
"node","mention",0,4412,4412,"und",0,798
"node","mention",0,4413,4413,"und",0,798
"node","mention",0,4414,4414,"und",0,798
"node","mention",0,4415,4415,"und",0,798
"node","mention",0,4416,4416,"und",0,798
"node","mention",0,4417,4417,"und",0,798
"node","mention",0,4418,4418,"und",0,798
"node","mention",0,4419,4419,"und",0,798
"node","mention",0,4420,4420,"und",0,798
"node","mention",0,4421,4421,"und",0,798
"node","mention",0,4422,4422,"und",0,798
"node","mention",0,4423,4423,"und",0,799
"node","mention",0,4424,4424,"und",0,799
"node","mention",0,4425,4425,"und",0,799
"node","mention",0,4426,4426,"und",0,800
"node","mention",0,4427,4427,"und",0,801
"node","mention",0,4428,4428,"und",0,801
"node","mention",0,4429,4429,"und",0,801
"node","mention",0,4430,4430,"und",0,801
"node","mention",0,4431,4431,"und",0,804
"node","mention",0,4432,4432,"und",0,802
"node","mention",0,4432,4432,"und",1,807
"node","mention",0,4433,4433,"und",0,801
"node","mention",0,4434,4434,"und",0,801
"node","mention",0,4435,4435,"und",0,801
"node","mention",0,4436,4436,"und",0,801
"node","mention",0,4437,4437,"und",0,805
"node","mention",0,4438,4438,"und",0,801
"node","mention",0,4439,4439,"und",0,801
"node","mention",0,4440,4440,"und",0,801
"node","mention",0,4441,4441,"und",0,801
"node","mention",0,4442,4442,"und",0,801
"node","mention",0,4443,4443,"und",0,801
"node","mention",0,4444,4444,"und",0,801
"node","mention",0,4445,4445,"und",0,801
"node","mention",0,4446,4446,"und",0,801
"node","mention",0,4447,4447,"und",0,801
"node","mention",0,4448,4448,"und",0,801
"node","mention",0,4449,4449,"und",0,801
"node","mention",0,4450,4450,"und",0,805
"node","mention",0,4451,4451,"und",0,805
"node","mention",0,4452,4452,"und",0,804
"node","mention",0,4453,4453,"und",0,804
"node","mention",0,4454,4454,"und",0,804
"node","mention",0,4455,4455,"und",0,801
"node","mention",0,4456,4456,"und",0,801
"node","mention",0,4457,4457,"und",0,806
"node","mention",0,4458,4458,"und",0,806
"node","mention",0,4459,4459,"und",0,801
"node","mention",0,4460,4460,"und",0,807
"node","mention",0,4461,4461,"und",0,801
"node","mention",0,4462,4462,"und",0,801
"node","mention",0,4463,4463,"und",0,801
"node","mention",0,4464,4464,"und",0,801
"node","mention",0,4465,4465,"und",0,801
"node","mention",0,4466,4466,"und",0,805
"node","mention",0,4467,4467,"und",0,805
"node","mention",0,4468,4468,"und",0,805
"node","mention",0,4469,4469,"und",0,805
"node","mention",0,4470,4470,"und",0,805
"node","mention",0,4471,4471,"und",0,807
"node","mention",0,4472,4472,"und",0,801
"node","mention",0,4473,4473,"und",0,801
"node","mention",0,4474,4474,"und",0,801
"node","mention",0,4475,4475,"und",0,805
"node","mention",0,4476,4476,"und",0,801
"node","mention",0,4477,4477,"und",0,801
"node","mention",0,4478,4478,"und",0,801
"node","mention",0,4479,4479,"und",0,801
"node","mention",0,4480,4480,"und",0,801
"node","mention",0,4481,4481,"und",0,801
"node","mention",0,4482,4482,"und",0,801
"node","mention",0,4483,4483,"und",0,801
"node","mention",0,4484,4484,"und",0,801
"node","mention",0,4485,4485,"und",0,801
"node","mention",0,4486,4486,"und",0,801
"node","mention",0,4487,4487,"und",0,801
"node","mention",0,4488,4488,"und",0,801
"node","mention",0,4489,4489,"und",0,801
"node","mention",0,4490,4490,"und",0,801
"node","mention",0,4491,4491,"und",0,801
"node","mention",0,4492,4492,"und",0,801
"node","mention",0,4493,4493,"und",0,801
"node","mention",0,4494,4494,"und",0,801
"node","mention",0,4495,4495,"und",0,801
"node","mention",0,4496,4496,"und",0,803
"node","mention",0,4497,4497,"und",0,801
"node","mention",0,4498,4498,"und",0,801
"node","mention",0,4499,4499,"und",0,801
"node","mention",0,4500,4500,"und",0,803
"node","mention",0,4501,4501,"und",0,803
"node","mention",0,4502,4502,"und",0,803
"node","mention",0,4503,4503,"und",0,803
"node","mention",0,4504,4504,"und",0,803
"node","mention",0,4505,4505,"und",0,803
"node","mention",0,4506,4506,"und",0,803
"node","mention",0,4507,4507,"und",0,803
"node","mention",0,4508,4508,"und",0,803
"node","mention",0,4509,4509,"und",0,803
"node","mention",0,4510,4510,"und",0,803
"node","mention",0,4511,4511,"und",0,803
"node","mention",0,4512,4512,"und",0,803
"node","mention",0,4513,4513,"und",0,803
"node","mention",0,4514,4514,"und",0,803
"node","mention",0,4515,4515,"und",0,803
"node","mention",0,4516,4516,"und",0,803
"node","mention",0,4517,4517,"und",0,803
"node","mention",0,4518,4518,"und",0,803
"node","mention",0,4519,4519,"und",0,803
"node","mention",0,4520,4520,"und",0,803
"node","mention",0,4521,4521,"und",0,803
"node","mention",0,4522,4522,"und",0,803
"node","mention",0,4523,4523,"und",0,803
"node","mention",0,4524,4524,"und",0,803
"node","mention",0,4525,4525,"und",0,803
"node","mention",0,4526,4526,"und",0,803
"node","mention",0,4527,4527,"und",0,803
"node","mention",0,4528,4528,"und",0,803
"node","mention",0,4529,4529,"und",0,803
"node","mention",0,4530,4530,"und",0,803
"node","mention",0,4531,4531,"und",0,803
"node","mention",0,4532,4532,"und",0,803
"node","mention",0,4533,4533,"und",0,803
"node","mention",0,4534,4534,"und",0,803
"node","mention",0,4535,4535,"und",0,803
"node","mention",0,4536,4536,"und",0,803
"node","mention",0,4537,4537,"und",0,803
"node","mention",0,4538,4538,"und",0,803
"node","mention",0,4539,4539,"und",0,803
"node","mention",0,4540,4540,"und",0,803
"node","mention",0,4541,4541,"und",0,803
"node","mention",0,4542,4542,"und",0,803
"node","mention",0,4543,4543,"und",0,803
"node","mention",0,4544,4544,"und",0,803
"node","mention",0,4545,4545,"und",0,803
"node","mention",0,4546,4546,"und",0,803
"node","mention",0,4547,4547,"und",0,803
"node","mention",0,4548,4548,"und",0,803
"node","mention",0,4549,4549,"und",0,803
"node","mention",0,4550,4550,"und",0,803
"node","mention",0,4551,4551,"und",0,803
"node","mention",0,4552,4552,"und",0,803
"node","mention",0,4553,4553,"und",0,803
"node","mention",0,4554,4554,"und",0,803
"node","mention",0,4555,4555,"und",0,803
"node","mention",0,4556,4556,"und",0,803
"node","mention",0,4557,4557,"und",0,803
"node","mention",0,4558,4558,"und",0,803
"node","mention",0,4559,4559,"und",0,803
"node","mention",0,4560,4560,"und",0,803
"node","mention",0,4561,4561,"und",0,803
"node","mention",0,4562,4562,"und",0,803
"node","mention",0,4563,4563,"und",0,803
"node","mention",0,4564,4564,"und",0,803
"node","mention",0,4565,4565,"und",0,803
"node","mention",0,4566,4566,"und",0,803
"node","mention",0,4567,4567,"und",0,803
"node","mention",0,4568,4568,"und",0,803
"node","mention",0,4569,4569,"und",0,803
"node","mention",0,4570,4570,"und",0,803
"node","mention",0,4571,4571,"und",0,803
"node","mention",0,4572,4572,"und",0,803
"node","mention",0,4573,4573,"und",0,803
"node","mention",0,4574,4574,"und",0,803
"node","mention",0,4575,4575,"und",0,803
"node","mention",0,4576,4576,"und",0,803
"node","mention",0,4577,4577,"und",0,803
"node","mention",0,4578,4578,"und",0,800
"node","mention",0,4579,4579,"und",0,799
"node","mention",0,4580,4580,"und",0,801
"node","mention",0,4581,4581,"und",0,801
"node","mention",0,4582,4582,"und",0,801
"node","mention",0,4583,4583,"und",0,801
"node","mention",0,4584,4584,"und",0,801
"node","mention",0,4585,4585,"und",0,801
"node","mention",0,4586,4586,"und",0,801
"node","mention",0,4587,4587,"und",0,801
"node","mention",0,4588,4588,"und",0,801
"node","mention",0,4589,4589,"und",0,801
"node","mention",0,4590,4590,"und",0,801
"node","mention",0,4591,4591,"und",0,801
"node","mention",0,4592,4592,"und",0,801
"node","mention",0,4593,4593,"und",0,801
"node","mention",0,4594,4594,"und",0,802
"node","mention",0,4595,4595,"und",0,799
"node","mention",0,4596,4596,"und",0,799
"node","mention",0,4597,4597,"und",0,799
"node","mention",0,4598,4598,"und",0,800
"node","mention",0,4599,4599,"und",0,799
"node","mention",0,4600,4600,"und",0,804
"node","mention",0,4601,4601,"und",0,804
"node","mention",0,4602,4602,"und",0,804
"node","mention",0,4603,4603,"und",0,805
"node","mention",0,4604,4604,"und",0,801
"node","mention",0,4605,4605,"und",0,801
"node","mention",0,4606,4606,"und",0,801
"node","mention",0,4607,4607,"und",0,804
"node","mention",0,4608,4608,"und",0,804
"node","mention",0,4609,4609,"und",0,804
"node","mention",0,4610,4610,"und",0,804
"node","mention",0,4611,4611,"und",0,800
"node","mention",0,4611,4611,"und",1,799
"node","mention",0,4612,4612,"und",0,807
"node","mention",0,4613,4613,"und",0,800
"node","mention",0,4613,4613,"und",1,799
"node","mention",0,4614,4614,"und",0,799
"node","mention",0,4618,4618,"und",0,799
"node","mention",0,4619,4619,"und",0,801
"node","mention",0,4620,4620,"und",0,801
"node","mention",0,4621,4621,"und",0,801
"node","mention",0,4622,4622,"und",0,801
"node","mention",0,4623,4623,"und",0,801
"node","mention",0,4624,4624,"und",0,801
"node","mention",0,4625,4625,"und",0,801
"node","mention",0,4626,4626,"und",0,801
"node","mention",0,4627,4627,"und",0,801
"node","mention",0,4628,4628,"und",0,803
"node","mention",0,4629,4629,"und",0,803
"node","mention",0,4630,4630,"und",0,803
"node","mention",0,4631,4631,"und",0,803
"node","mention",0,4632,4632,"und",0,803
"node","mention",0,4633,4633,"und",0,803
"node","mention",0,4634,4634,"und",0,803
"node","mention",0,4635,4635,"und",0,803
"node","mention",0,4636,4636,"und",0,803
"node","mention",0,4637,4637,"und",0,803
"node","mention",0,4638,4638,"und",0,803
"node","mention",0,4639,4639,"und",0,803
"node","mention",0,4640,4640,"und",0,803
"node","mention",0,4641,4641,"und",0,803
"node","mention",0,4642,4642,"und",0,803
"node","mention",0,4643,4643,"und",0,803
"node","mention",0,4644,4644,"und",0,803
"node","mention",0,4645,4645,"und",0,803
"node","mention",0,4646,4646,"und",0,803
"node","mention",0,4647,4647,"und",0,803
"node","mention",0,4648,4648,"und",0,803
"node","mention",0,4649,4649,"und",0,803
"node","mention",0,4650,4650,"und",0,803
"node","mention",0,4651,4651,"und",0,803
"node","mention",0,4652,4652,"und",0,803
"node","mention",0,4653,4653,"und",0,803
"node","mention",0,4654,4654,"und",0,803
"node","mention",0,4655,4655,"und",0,803
"node","mention",0,4656,4656,"und",0,803
"node","mention",0,4657,4657,"und",0,803
"node","mention",0,4658,4658,"und",0,803
"node","mention",0,4659,4659,"und",0,803
"node","mention",0,4660,4660,"und",0,803
"node","mention",0,4661,4661,"und",0,803
"node","mention",0,4662,4662,"und",0,803
"node","mention",0,4663,4663,"und",0,803
"node","mention",0,4664,4664,"und",0,803
"node","mention",0,4665,4665,"und",0,803
"node","mention",0,4666,4666,"und",0,803
"node","mention",0,4667,4667,"und",0,803
"node","mention",0,4668,4668,"und",0,803
"node","mention",0,4669,4669,"und",0,803
"node","mention",0,4670,4670,"und",0,800
"node","mention",0,4671,4671,"und",0,801
"node","mention",0,4672,4672,"und",0,799
"node","mention",0,4675,4675,"und",0,800
"node","mention",0,4676,4676,"und",0,800
"node","mention",0,4677,4677,"und",0,807
"node","mention",0,4678,4678,"und",0,802
"node","mention",0,4678,4678,"und",1,798
"node","mention",0,4679,4679,"und",0,802
"node","mention",0,4680,4680,"und",0,802
"node","mention",0,4681,4681,"und",0,802
"node","mention",0,4682,4682,"und",0,802
"node","mention",0,4682,4682,"und",1,807
"node","mention",0,4683,4683,"und",0,802
"node","mention",0,4684,4684,"und",0,802
"node","mention",0,4684,4684,"und",1,807
"node","mention",0,4685,4685,"und",0,802
"node","mention",0,4685,4685,"und",1,807
"node","mention",0,4686,4686,"und",0,802
"node","mention",0,4687,4687,"und",0,802
"node","mention",0,4688,4688,"und",0,800
"node","mention",0,4689,4689,"und",0,800
"node","mention",0,4690,4690,"und",0,800
"node","mention",0,4691,4691,"und",0,800
"node","mention",0,4692,4692,"und",0,802
"node","mention",0,4693,4693,"und",0,805
"node","mention",0,4693,4693,"und",1,803
"node","mention",0,4694,4694,"und",0,805
"node","mention",0,4694,4694,"und",1,803
"node","mention",0,4695,4695,"und",0,805
"node","mention",0,4695,4695,"und",1,803
"node","mention",0,4696,4696,"und",0,805
"node","mention",0,4696,4696,"und",1,803
"node","mention",0,4697,4697,"und",0,805
"node","mention",0,4697,4697,"und",1,803
"node","mention",0,4698,4698,"und",0,805
"node","mention",0,4698,4698,"und",1,803
"node","mention",0,4699,4699,"und",0,805
"node","mention",0,4699,4699,"und",1,803
"node","mention",0,4700,4700,"und",0,805
"node","mention",0,4700,4700,"und",1,803
"node","mention",0,4701,4701,"und",0,805
"node","mention",0,4701,4701,"und",1,803
"node","mention",0,4702,4702,"und",0,801
"node","mention",0,4703,4703,"und",0,805
"node","mention",0,4704,4704,"und",0,805
"node","mention",0,4705,4705,"und",0,805
