"entity_type","bundle",deleted,entity_id,revision_id,"language",delta,field_gender_tid
"node","person",0,140,140,"und",0,407
"node","person",0,333,333,"und",0,407
"node","person",0,364,364,"und",0,407
"node","person",0,1957,1957,"und",0,529
"node","person",0,2132,2132,"und",0,529
"node","person",0,2160,2160,"und",0,529
"node","person",0,2163,2163,"und",0,529
"node","person",0,2197,2197,"und",0,529
"node","person",0,2244,2244,"und",0,529
"node","person",0,2257,2257,"und",0,529
"node","person",0,2308,2308,"und",0,529
"node","person",0,2310,2310,"und",0,529
"node","person",0,2315,2315,"und",0,529
"node","person",0,2392,2392,"und",0,529
"node","person",0,2921,2921,"und",0,529
"node","person",0,3114,3114,"und",0,529
"node","person",0,3205,3205,"und",0,529
"node","person",0,4133,4133,"und",0,529
"node","person",0,4231,4231,"und",0,529
"node","person",0,5415,5415,"und",0,529
"node","person",0,5462,5462,"und",0,529
"node","person",0,5468,5468,"und",0,529
"node","person",0,5472,5472,"und",0,529
"node","person",0,5480,5480,"und",0,529
"node","person",0,5508,5508,"und",0,529
"node","person",0,5529,5529,"und",0,529
"node","person",0,5549,5549,"und",0,529
"node","person",0,5551,5551,"und",0,529
"node","person",0,5580,5580,"und",0,529
"node","person",0,5586,5586,"und",0,529
"node","person",0,5595,5595,"und",0,529
"node","person",0,5598,5598,"und",0,529
"node","person",0,5608,5608,"und",0,529
